name,type,hp,card_type,sub_type,evolves_from,attacks,ex_rule,weaknesses,retreat_cost,artist,card_description,set,id,rarity,pack,versions,image,ability
Potion,,,Trainer/Item,,,,,,,5ban Graphics,,Promo-A,Promo--1,,,[],https://limitlesstcg.nyc3.cdn.digitaloceanspaces.com/pocket/P-A/P-A_001_EN_SM.webp,
X Speed,,,Trainer/Item,,,,,,,Toyste Beach,,Promo-A,Promo--2,,,[],https://limitlesstcg.nyc3.cdn.digitaloceanspaces.com/pocket/P-A/P-A_002_EN_SM.webp,
Hand Scope,,,Trainer/Item,,,,,,,Toyste Beach,,Promo-A,Promo--3,,,[],https://limitlesstcg.nyc3.cdn.digitaloceanspaces.com/pocket/P-A/P-A_003_EN_SM.webp,
Pokédex,,,Trainer/Item,,,,,,,Ryo Ueda,,Promo-A,Promo--4,,,['Promo-A #4'],https://limitlesstcg.nyc3.cdn.digitaloceanspaces.com/pocket/P-A/P-A_004_EN_SM.webp,
Poké Ball,,,Trainer/Item,,,,,,,Ryo Ueda,,Promo-A,Promo--5,,,"['Promo-A #5', 'Shining Revelry #111 Crown Rare']",https://limitlesstcg.nyc3.cdn.digitaloceanspaces.com/pocket/P-A/P-A_005_EN_SM.webp,
Red Card,,,Trainer/Item,,,,,,,5ban Graphics,,Promo-A,Promo--6,,,[],https://limitlesstcg.nyc3.cdn.digitaloceanspaces.com/pocket/P-A/P-A_006_EN_SM.webp,
Professor's Research,,,Trainer/Supporter,,,,,,,Naoki Saito,,Promo-A,Promo--7,,,[],https://limitlesstcg.nyc3.cdn.digitaloceanspaces.com/pocket/P-A/P-A_007_EN_SM.webp,
Pokédex,,,Trainer/Item,,,,,,,Yuu Nishida,,Promo-A,Promo--8,,,['Promo-A #4'],https://limitlesstcg.nyc3.cdn.digitaloceanspaces.com/pocket/P-A/P-A_008_EN_SM.webp,
Pikachu,Lightning,60,Pokémon,Basic,,"[{'name': 'Gnaw', 'damage': '20', 'energy': ['Electric']}]",,Fighting,1,Atsushi Furusawa,"When it is angered, it immediately discharges the energy stored in the pouches in its cheeks.",Promo-A,Promo--9,,,"['Genetic Apex #94 ◊', 'Promo-A #9', 'Promo-A #15']",https://limitlesstcg.nyc3.cdn.digitaloceanspaces.com/pocket/P-A/P-A_009_EN_SM.webp,
Mewtwo,Psychic,120,Pokémon,Basic,,"[{'name': 'Power Blast', 'damage': '120', 'energy': ['Psychic', 'Psychic', 'Normal', 'Normal'], 'description': 'Discard 2 [P] Energy from this Pokémon.'}]",,Darkness,2,Krgc,It was created by a scientist after years of horrific gene-splicing and DNA-engineering experiments.,Promo-A,Promo--10,,,['Genetic Apex #128 ◊◊◊'],https://limitlesstcg.nyc3.cdn.digitaloceanspaces.com/pocket/P-A/P-A_010_EN_SM.webp,
Chansey,Colorless,120,Pokémon,Basic,,"[{'name': 'Gentle Slap', 'damage': '60', 'energy': ['Normal', 'Normal', 'Normal']}]",,Fighting,3,sowsow,This kindly Pokémon lays highly nutritious eggs and shares them with injured Pokémon or people.,Promo-A,Promo--11,,,['Genetic Apex #202 ◊◊'],https://limitlesstcg.nyc3.cdn.digitaloceanspaces.com/pocket/P-A/P-A_011_EN_SM.webp,
Meowth,Colorless,60,Pokémon,Basic,,"[{'name': 'Pay Day', 'damage': '10', 'energy': ['Normal'], 'description': 'Draw 1 card.'}]",,Fighting,1,Shigenori Negishi,"All it does is sleep during the daytime. At night, it patrols its territory with its eyes aglow.",Promo-A,Promo--12,,,"['Genetic Apex #196 ◊', 'Genetic Apex #246 ☆']",https://limitlesstcg.nyc3.cdn.digitaloceanspaces.com/pocket/P-A/P-A_012_EN_SM.webp,
Butterfree,Grass,120,Pokémon,Stage 2,Metapod,"[{'name': 'Gust', 'damage': '60', 'energy': ['Grass', 'Normal', 'Normal']}]",,Fire,1,miki kudo,"In battle, it flaps its wings at great speed to release highly toxic dust into the air.",Promo-A,Promo--13,,Promo,pack,['Genetic Apex #7 ◊◊◊'],https://limitlesstcg.nyc3.cdn.digitaloceanspaces.com/pocket/P-A/P-A_013_EN_SM.webp,"Powder Heal: Once during your turn, you may heal 20 damage from each of your Pokémon."
Lapras ex,Water,140,Pokémon,Basic,,"[{'name': 'Bubble Drain', 'damage': '80', 'energy': ['Water', 'Water', 'Normal'], 'description': 'Heal 20 damage from this Pokémon.'}]",,Lightning,3,PLANETA CG Works,,Promo-A,Promo--14,,Promo,pack,[],https://limitlesstcg.nyc3.cdn.digitaloceanspaces.com/pocket/P-A/P-A_014_EN_SM.webp,
Pikachu,Lightning,60,Pokémon,Basic,,"[{'name': 'Gnaw', 'damage': '20', 'energy': ['Electric']}]",,Fighting,1,Kouki Saitou,"When it is angered, it immediately discharges the energy stored in the pouches in its cheeks.",Promo-A,Promo--15,,Promo,pack,"['Genetic Apex #94 ◊', 'Promo-A #9', 'Promo-A #15']",https://limitlesstcg.nyc3.cdn.digitaloceanspaces.com/pocket/P-A/P-A_015_EN_SM.webp,
Clefairy,Psychic,60,Pokémon,Basic,,"[{'name': 'Slap', 'damage': '20', 'energy': ['Psychic']}]",,Metal,1,Shibuzoh.,It is said that happiness will come to those who see a gathering of Clefairy dancing under a full moon.,Promo-A,Promo--16,,Promo,pack,['Genetic Apex #113 ◊'],https://limitlesstcg.nyc3.cdn.digitaloceanspaces.com/pocket/P-A/P-A_016_EN_SM.webp,
Mankey,Fighting,50,Pokémon,Basic,,"[{'name': 'Reckless Charge', 'damage': '30', 'energy': ['N/A'], 'description': 'This Pokémon also does 10 damage to itself.'}]",,Psychic,1,Souichirou Gunjima,"It lives in groups in the treetops. If it loses sight of its group, it becomes infuriated by its loneliness.",Promo-A,Promo--17,,Promo,pack,[],https://limitlesstcg.nyc3.cdn.digitaloceanspaces.com/pocket/P-A/P-A_017_EN_SM.webp,
Venusaur,Grass,160,Pokémon,Stage 2,Ivysaur,"[{'name': 'Mega Drain', 'damage': '80', 'energy': ['Grass', 'Grass', 'Normal', 'Normal'], 'description': 'Heal 30 damage from this Pokémon.'}]",,Fire,3,Kuroimori,Its plant blooms when it is absorbing solar energy. It stays on the move to seek sunlight.,Promo-A,Promo--18,,Promo,pack,"['Genetic Apex #3 ◊◊◊', 'Promo-A #18', 'Celestial Guardians #212 ☆']",https://limitlesstcg.nyc3.cdn.digitaloceanspaces.com/pocket/P-A/P-A_018_EN_SM.webp,
Greninja,Water,120,Pokémon,Stage 2,Frogadier,"[{'name': 'Mist Slash', 'damage': '60', 'energy': ['Water', 'Normal']}]",,Lightning,1,Sanosuke Sakuma,"It creates throwing stars out of compressed water. When it spins them and throws them at high speed, these stars can split metal in two.",Promo-A,Promo--19,,Promo,pack,"['Genetic Apex #89 ◊◊◊', 'Promo-A #19', 'Extradimensional Crisis #93 ☆']",https://limitlesstcg.nyc3.cdn.digitaloceanspaces.com/pocket/P-A/P-A_019_EN_SM.webp,"Water Shuriken: Once during your turn, you may do 20 damage to 1 of your opponent's Pokémon."
Haunter,Psychic,70,Pokémon,Stage 1,Gastly,"[{'name': 'Surprise Attack', 'damage': '50', 'energy': ['Psychic'], 'description': 'Flip a coin. If tails, this attack does nothing.'}]",,Darkness,1,Mékayu,It likes to lurk in the dark and tap shoulders with a gaseous hand. Its touch causes endless shuddering.,Promo-A,Promo--20,,Promo,pack,[],https://limitlesstcg.nyc3.cdn.digitaloceanspaces.com/pocket/P-A/P-A_020_EN_SM.webp,
Onix,Fighting,110,Pokémon,Basic,,"[{'name': 'Land Crush', 'damage': '70', 'energy': ['N/A', 'N/A', 'N/A']}]",,Grass,4,Tomokazu Komiya,"As it digs through the ground, it absorbs many hard objects. This is what makes its body so solid.",Promo-A,Promo--21,,Promo,pack,['Genetic Apex #150 ◊◊'],https://limitlesstcg.nyc3.cdn.digitaloceanspaces.com/pocket/P-A/P-A_021_EN_SM.webp,
Jigglypuff,Colorless,60,Pokémon,Basic,,"[{'name': 'Sing', 'damage': '', 'energy': ['Normal'], 'description': ""Your opponent's Active Pokémon is now Asleep.""}]",,Fighting,1,Kurata So,"When its huge eyes waver, it sings a mysteriously soothing melody that lulls its enemies to sleep.",Promo-A,Promo--22,,Promo,pack,[],https://limitlesstcg.nyc3.cdn.digitaloceanspaces.com/pocket/P-A/P-A_022_EN_SM.webp,
Bulbasaur,Grass,70,Pokémon,Basic,,"[{'name': 'Vine Whip', 'damage': '40', 'energy': ['Grass', 'Normal']}]",,Fire,1,Kouki Saitou,There is a plant seed on its back right from the day this Pokémon is born. The seed slowly grows larger.,Promo-A,Promo--23,,,"['Genetic Apex #1 ◊', 'Genetic Apex #227 ☆', 'Promo-A #23', 'Celestial Guardians #210 ☆']",https://limitlesstcg.nyc3.cdn.digitaloceanspaces.com/pocket/P-A/P-A_023_EN_SM.webp,
Magnemite,Lightning,60,Pokémon,Basic,,"[{'name': 'Lightning Ball', 'damage': '20', 'energy': ['Electric']}]",,Fighting,1,Miki Tanaka,"The electromagnetic waves emitted by the units at the sides of its head expel antigravity, which allows it to float.",Promo-A,Promo--24,,,['Genetic Apex #97 ◊'],https://limitlesstcg.nyc3.cdn.digitaloceanspaces.com/pocket/P-A/P-A_024_EN_SM.webp,
Moltres ex,Fire,140,Pokémon,Basic,,"[{'name': 'Inferno Dance', 'damage': '', 'energy': ['Fire'], 'attack description': 'Flip 3 coins. Take an amount of [R] Energy from your Energy Zone equal to the number of heads and attach it to your Benched [R] Pokémon in any way you like.'}, {'name': 'Heat Blast', 'damage': '70', 'energy': ['Fire', 'Normal', 'Normal'], 'description': 'Flip 3 coins. Take an amount of [R] Energy from your Energy Zone equal to the number of heads and attach it to your Benched [R] Pokémon in any way you like.'}]","ex rule: When your Pokémon ex is Knocked Out, your opponent gets 2 points.",Lightning,2,PLANETA Igarashi,,Promo-A,Promo--25,,,"['Genetic Apex #47 ◊◊◊◊', 'Genetic Apex #255 ☆☆', 'Genetic Apex #274 ☆☆', 'Promo-A #25', 'Eevee Grove #103 ☆☆']",https://limitlesstcg.nyc3.cdn.digitaloceanspaces.com/pocket/P-A/P-A_025_EN_SM.webp,
Pikachu,Lightning,60,Pokémon,Basic,,"[{'name': 'Gnaw', 'damage': '20', 'energy': ['Electric']}]",,Fighting,1,Kouki Saitou,"When it is angered, it immediately discharges the energy stored in the pouches in its cheeks.",Promo-A,Promo--26,,,"['Genetic Apex #94 ◊', 'Promo-A #9', 'Promo-A #15']",https://limitlesstcg.nyc3.cdn.digitaloceanspaces.com/pocket/P-A/P-A_026_EN_SM.webp,
Snivy,Grass,60,Pokémon,Basic,,"[{'name': 'Tackle', 'damage': '20', 'energy': ['Grass']}]",,Fire,1,Yoriyuki Ikegami,Being exposed to sunlight makes its movements swifter. It uses vines more adeptly than its hands.,Promo-A,Promo--27,,Promo,pack,[],https://limitlesstcg.nyc3.cdn.digitaloceanspaces.com/pocket/P-A/P-A_027_EN_SM.webp,
Volcarona,Fire,120,Pokémon,Stage 1,Larvesta,"[{'name': 'Volcanic Ash', 'damage': '', 'energy': ['Fire', 'Fire', 'Normal'], 'description': ""Discard 2 [R] Energy from this Pokémon. This attack does 80 damage to 1 of your opponent's Pokémon.""}]",,Water,2,Shin Nagasawa,"Its burning body causes it to be unpopular in hot parts of the world, but in cold ones, Volcarona is revered as an embodiment of the sun.",Promo-A,Promo--28,,Promo,pack,['Mythical Island #14 ◊◊◊'],https://limitlesstcg.nyc3.cdn.digitaloceanspaces.com/pocket/P-A/P-A_028_EN_SM.webp,
Blastoise,Water,150,Pokémon,Stage 2,Wartortle,"[{'name': 'Hydro Pump', 'damage': '80+', 'energy': ['Water', 'Water', 'Normal'], 'description': 'If this Pokémon has at least 2 extra [W] Energy attached, this attack does 60 more damage.'}]",,Lightning,3,danciao,"It crushes its foe under its heavy body to cause fainting. In a pinch, it will withdraw inside its shell.",Promo-A,Promo--29,,Promo,pack,"['Genetic Apex #55 ◊◊◊', 'Promo-A #29', 'Celestial Guardians #217 ☆']",https://limitlesstcg.nyc3.cdn.digitaloceanspaces.com/pocket/P-A/P-A_029_EN_SM.webp,
Eevee,Colorless,60,Pokémon,Basic,,"[{'name': 'Growl', 'damage': '', 'energy': ['Normal'], 'description': ""During your opponent's next turn, attacks used by the Defending Pokémon do −20 damage.""}]",,Fighting,1,En Morikura,Its ability to evolve into many forms allows it to adapt smoothly and perfectly to any environment.,Promo-A,Promo--30,,Promo,pack,[],https://limitlesstcg.nyc3.cdn.digitaloceanspaces.com/pocket/P-A/P-A_030_EN_SM.webp,
Cinccino,Colorless,90,Pokémon,Stage 1,Minccino,"[{'name': 'Do the Wave', 'damage': '30x', 'energy': ['Normal', 'Normal', 'Normal'], 'description': 'This attack does 30 damage for each of your Benched Pokémon.'}]",,Fighting,1,MAHOU,Its body secretes oil that this Pokémon spreads over its nest as a coating to protect it from dust. Cinccino won’t tolerate even a speck of the stuff.,Promo-A,Promo--31,,Promo,pack,['Genetic Apex #213 ◊◊'],https://limitlesstcg.nyc3.cdn.digitaloceanspaces.com/pocket/P-A/P-A_031_EN_SM.webp,
Charmander,Fire,60,Pokémon,Basic,,"[{'name': 'Ember', 'damage': '30', 'energy': ['Fire'], 'description': 'Discard a [R] Energy from this Pokémon.'}]",,Water,1,Naoyo Kimura,"It has a preference for hot things. When it rains, steam is said to spout from the tip of its tail.",Promo-A,Promo--32,,,"['Genetic Apex #33 ◊', 'Genetic Apex #230 ☆']",https://limitlesstcg.nyc3.cdn.digitaloceanspaces.com/pocket/P-A/P-A_032_EN_SM.webp,
Squirtle,Water,60,Pokémon,Basic,,"[{'name': 'Water Gun', 'damage': '20', 'energy': ['Water']}]",,Lightning,1,Kanako Eo,"When it retracts its long neck into its shell, it squirts out water with vigorous force.",Promo-A,Promo--33,,,"['Genetic Apex #53 ◊', 'Genetic Apex #232 ☆', 'Promo-A #33', 'Celestial Guardians #215 ☆']",https://limitlesstcg.nyc3.cdn.digitaloceanspaces.com/pocket/P-A/P-A_033_EN_SM.webp,
Piplup,Water,60,Pokémon,Basic,,"[{'name': 'Nap', 'damage': '', 'energy': ['Normal'], 'description': 'Heal 20 damage from this Pokémon.'}]",,Lightning,1,Kariya,It doesn’t like to be taken care of. It’s difficult to bond with since it won’t listen to its Trainer.,Promo-A,Promo--34,,,['Space-Time Smackdown #35 ◊'],https://limitlesstcg.nyc3.cdn.digitaloceanspaces.com/pocket/P-A/P-A_034_EN_SM.webp,
Turtwig,Grass,80,Pokémon,Basic,,"[{'name': 'Bite', 'damage': '30', 'energy': ['Grass', 'Normal']}]",,Fire,2,Atsuko Nishida,It uses its whole body to photosynthesize when exposed to sunlight. Its shell is made from hardened soil.,Promo-A,Promo--35,,Promo,pack,['Space-Time Smackdown #10 ◊'],https://limitlesstcg.nyc3.cdn.digitaloceanspaces.com/pocket/P-A/P-A_035_EN_SM.webp,
Electivire,Lightning,120,Pokémon,Stage 1,Electabuzz,"[{'name': 'Exciting Voltage', 'damage': '40+', 'energy': ['Electric', 'Electric'], 'description': 'If this Pokémon has at least 2 extra [L] Energy attached, this attack does 80 more damage.'}]",,Fighting,3,Sumiyoshi Kizuki,The amount of electrical energy this Pokémon produces is proportional to the rate of its pulse. The voltage jumps while Electivire is battling.,Promo-A,Promo--36,,Promo,pack,['Space-Time Smackdown #57 ◊◊◊'],https://limitlesstcg.nyc3.cdn.digitaloceanspaces.com/pocket/P-A/P-A_036_EN_SM.webp,
Cresselia ex,Psychic,140,Pokémon,Basic,,"[{'name': 'Psychic Flash', 'damage': '80', 'energy': ['Psychic', 'Psychic', 'Normal']}]","ex rule: When your Pokémon ex is Knocked Out, your opponent gets 2 points.",Darkness,2,PLANETA Mochizuki,,Promo-A,Promo--37,,Promo,pack,[],https://limitlesstcg.nyc3.cdn.digitaloceanspaces.com/pocket/P-A/P-A_037_EN_SM.webp,"Lunar Plumage: Whenever you attach a [P] Energy from your Energy Zone to this Pokémon, heal 20 damage from this Pokémon."
Misdreavus,Psychic,60,Pokémon,Basic,,"[{'name': 'Confuse Ray', 'damage': '', 'energy': ['Psychic'], 'description': ""Your opponent's Active Pokémon is now Confused.""}]",,Darkness,1,Miki Tanaka,This Pokémon startles people in the middle of the night. It gathers fear as its energy.,Promo-A,Promo--38,,Promo,pack,[],https://limitlesstcg.nyc3.cdn.digitaloceanspaces.com/pocket/P-A/P-A_038_EN_SM.webp,
Skarmory,Metal,80,Pokémon,Basic,,"[{'name': 'Metal Arms', 'damage': '20+', 'energy': ['Steel'], 'description': 'If this Pokémon has a Pokémon Tool attached, this attack does 30 more damage.'}]",,Lightning,1,Anesaki Dynamic,"People fashion swords from Skarmory’s shed feathers, so this Pokémon is a popular element in heraldic designs.",Promo-A,Promo--39,,Promo,pack,['Space-Time Smackdown #111 ◊◊'],https://limitlesstcg.nyc3.cdn.digitaloceanspaces.com/pocket/P-A/P-A_039_EN_SM.webp,
Chimchar,Fire,60,Pokémon,Basic,,"[{'name': 'Scratch', 'damage': '20', 'energy': ['Fire']}]",,Water,1,sui,Its fiery rear end is fueled by gas made in its belly. Even rain can’t extinguish the fire.,Promo-A,Promo--40,,,['Space-Time Smackdown #27 ◊'],https://limitlesstcg.nyc3.cdn.digitaloceanspaces.com/pocket/P-A/P-A_040_EN_SM.webp,
Togepi,Psychic,50,Pokémon,Basic,,"[{'name': 'Pound', 'damage': '20', 'energy': ['Psychic']}]",,Metal,1,Naoyo Kimura,The shell seems to be filled with joy. It is said that it will share good luck when treated kindly.,Promo-A,Promo--41,,,['Space-Time Smackdown #63 ◊'],https://limitlesstcg.nyc3.cdn.digitaloceanspaces.com/pocket/P-A/P-A_041_EN_SM.webp,
Darkrai ex,Darkness,140,Pokémon,Basic,,"[{'name': 'Dark Prism', 'damage': '80', 'energy': ['Dark', 'Dark', 'Normal']}]","ex rule: When your Pokémon ex is Knocked Out, your opponent gets 2 points.",Grass,2,PLANETA Mochizuki,,Promo-A,Promo--42,,,"['Space-Time Smackdown #110 ◊◊◊◊', 'Space-Time Smackdown #187 ☆☆', 'Space-Time Smackdown #202 ☆☆']",https://limitlesstcg.nyc3.cdn.digitaloceanspaces.com/pocket/P-A/P-A_042_EN_SM.webp,"Nightmare Aura: Whenever you attach a [D] Energy from your Energy Zone to this Pokémon, do 20 damage to your opponent's Active Pokémon."
Cherrim,Grass,80,Pokémon,Stage 1,Cherubi,"[{'name': 'Leech Seed', 'damage': '60', 'energy': ['Grass', 'Grass'], 'description': 'Heal 20 damage from this Pokémon.'}]",,Fire,1,MAHOU,"After absorbing plenty of sunlight, Cherrim takes this form. It’s full of energy while it’s like this, and its liveliness will go on until sundown.",Promo-A,Promo--43,,Promo,pack,['Triumphant Light #8 ◊◊'],https://limitlesstcg.nyc3.cdn.digitaloceanspaces.com/pocket/P-A/P-A_043_EN_SM.webp,
Raichu,Lightning,90,Pokémon,Stage 1,Pikachu,"[{'name': 'Spark', 'damage': '40', 'energy': ['Electric', 'Electric'], 'description': ""This attack also does 20 damage to 1 of your opponent's Benched Pokémon.""}]",,Fighting,1,Kazumasa Yasukuni,"Its tail discharges electricity into the ground, protecting it from getting shocked.",Promo-A,Promo--44,,Promo,pack,['Triumphant Light #26 ◊◊◊'],https://limitlesstcg.nyc3.cdn.digitaloceanspaces.com/pocket/P-A/P-A_044_EN_SM.webp,"Resilience Link: If you have Arceus or Arceus ex in play, this Pokémon takes −30 damage from attacks."
Nosepass,Fighting,60,Pokémon,Basic,,"[{'name': 'Iron Defense', 'damage': '', 'energy': ['Normal', 'Normal'], 'description': ""Flip a coin. If heads, during your opponent's next turn, prevent all damage done to this Pokémon by attacks.""}]",,Grass,1,Tomokazu Komiya,"It moves less than an inch a year, but when it’s in a jam, it will spin and drill down into the ground in a split second.",Promo-A,Promo--45,,Promo,pack,[],https://limitlesstcg.nyc3.cdn.digitaloceanspaces.com/pocket/P-A/P-A_045_EN_SM.webp,
Gible,Fighting,60,Pokémon,Basic,,"[{'name': 'Tackle', 'damage': '20', 'energy': ['N/A']}]",,Grass,1,Uninori,"It skulks in caves, and when prey or an enemy passes by, it leaps out and chomps them. The force of its attack sometimes chips its teeth.",Promo-A,Promo--46,,Promo,pack,['Triumphant Light #45 ◊'],https://limitlesstcg.nyc3.cdn.digitaloceanspaces.com/pocket/P-A/P-A_046_EN_SM.webp,
Staraptor,Colorless,140,Pokémon,Stage 2,Staravia,"[{'name': 'Wing Attack', 'damage': '90', 'energy': ['Normal', 'Normal', 'Normal']}]",,Lightning,1,Hasuno,"When Staravia evolve into Staraptor, they leave the flock to live alone. They have sturdy wings.",Promo-A,Promo--47,,Promo,pack,[],https://limitlesstcg.nyc3.cdn.digitaloceanspaces.com/pocket/P-A/P-A_047_EN_SM.webp,Defensive Whirlwind: This Pokémon takes −30 damage from attacks from [F] Pokémon.
Manaphy,Water,50,Pokémon,Basic,,"[{'name': 'Oceanic Gift', 'damage': '', 'energy': ['Water'], 'description': 'Choose 2 of your Benched Pokémon. For each of those Pokémon, take a [W] Energy from your Energy Zone and attach it to that Pokémon.'}]",,Lightning,1,sui,It is born with a wondrous power that lets it bond with any kind of Pokémon.,Promo-A,Promo--48,,,"['Space-Time Smackdown #50 ◊◊', 'Space-Time Smackdown #162 ☆']",https://limitlesstcg.nyc3.cdn.digitaloceanspaces.com/pocket/P-A/P-A_048_EN_SM.webp,
Snorlax,Colorless,140,Pokémon,Basic,,"[{'name': 'Collapse', 'damage': '100', 'energy': ['Normal', 'Normal', 'Normal', 'Normal'], 'description': 'This Pokémon is now Asleep.'}]",,Fighting,4,okayamatakatoshi,"It is not satisfied unless it eats over 880 pounds of food every day. When it is done eating, it goes promptly to sleep.",Promo-A,Promo--49,,,['Triumphant Light #63 ◊◊'],https://limitlesstcg.nyc3.cdn.digitaloceanspaces.com/pocket/P-A/P-A_049_EN_SM.webp,
Mewtwo ex,Psychic,150,Pokémon,Basic,,"[{'name': 'Psychic Sphere', 'damage': '50', 'energy': ['Psychic', 'Normal']}, {'name': 'Psydrive', 'damage': '150', 'energy': ['Psychic', 'Psychic', 'Normal', 'Normal'], 'description': ''}]","ex rule: When your Pokémon ex is Knocked Out, your opponent gets 2 points.",Darkness,2,PLANETA Mochizuki,,Promo-A,,,,"['Genetic Apex #129 ◊◊◊◊', 'Genetic Apex #262 ☆☆', 'Genetic Apex #282 ☆☆☆', 'Genetic Apex #286 Crown Rare']",https://limitlesstcg.nyc3.cdn.digitaloceanspaces.com/pocket/P-A/P-A_050_EN_SM.webp,
Cyclizar,Colorless,80,Pokémon,Basic,,"[{'name': 'Overacceleration', 'damage': '20', 'energy': ['Normal'], 'description': ""During your next turn, this Pokémon's Overacceleration attack does +20 damage.""}]",,Fighting,1,Shigenori Negishi,"Apparently Cyclizar has been allowing people to ride on its back since ancient times. Depictions of this have been found in 10,000-year-old murals.",Promo-A,Promo--51,,,['Shining Revelry #68 ◊◊'],https://limitlesstcg.nyc3.cdn.digitaloceanspaces.com/pocket/P-A/P-A_051_EN_SM.webp,
Sprigatito,Grass,60,Pokémon,Basic,,"[{'name': 'Cry for Help', 'damage': '', 'energy': ['Grass'], 'description': 'Put 1 random [G] Pokémon from your deck into your hand.'}]",,Fire,1,MINAMINAMI Take,Its fluffy fur is similar in composition to plants. This Pokémon frequently washes its face to keep it from drying out.,Promo-A,Promo--52,,,['Shining Revelry #5 ◊'],https://limitlesstcg.nyc3.cdn.digitaloceanspaces.com/pocket/P-A/P-A_052_EN_SM.webp,
Floatzel,Water,100,Pokémon,Stage 1,Buizel,"[{'name': 'Attack the Wound', 'damage': '10+', 'energy': ['Water'], 'description': ""If your opponent's Active Pokémon has damage on it, this attack does 60 more damage.""}]",,Lightning,1,Shin Nagasawa,"With its flotation sac inflated, it can carry people on its back. It deflates the sac before it dives.",Promo-A,Promo--53,,Promo,pack,[],https://limitlesstcg.nyc3.cdn.digitaloceanspaces.com/pocket/P-A/P-A_053_EN_SM.webp,
Pawmot,Lightning,140,Pokémon,Stage 2,Pawmo,"[{'name': 'Electric Punch', 'damage': '70', 'energy': ['Electric', 'Electric']}]",,Fighting,0,REND,"This Pokémon normally is slow to react, but once it enters battle, it will strike down its enemies with lightning-fast movements.",Promo-A,Promo--54,,Promo,pack,['Shining Revelry #28 ◊◊◊'],https://limitlesstcg.nyc3.cdn.digitaloceanspaces.com/pocket/P-A/P-A_054_EN_SM.webp,"Counterattack: If this Pokémon is in the Active Spot and is damaged by an attack from your opponent's Pokémon, do 20 damage to the Attacking Pokémon."
Machamp,Fighting,150,Pokémon,Stage 2,Machoke,"[{'name': 'Power Press', 'damage': '70+', 'energy': ['N/A', 'N/A'], 'description': 'If this Pokémon has at least 2 extra [F] Energy attached, this attack does 50 more damage.'}]",,Psychic,2,Masakazu Fukuda,It quickly swings its four arms to rock its opponents with ceaseless punches and chops from all angles.,Promo-A,Promo--55,,Promo,pack,"['Shining Revelry #39 ◊◊◊', 'Promo-A #55', 'Celestial Guardians #225 ☆']",https://limitlesstcg.nyc3.cdn.digitaloceanspaces.com/pocket/P-A/P-A_055_EN_SM.webp,
Ekans,Darkness,60,Pokémon,Basic,,"[{'name': 'Poison Sting', 'damage': '', 'energy': ['Dark'], 'description': ""Your opponent's Active Pokémon is now Poisoned.""}]",,Fighting,1,Krgc,"By dislocating its jaw, it can swallow prey larger than itself. After a meal, it curls up and rests.",Promo-A,Promo--56,,Promo,pack,[],https://limitlesstcg.nyc3.cdn.digitaloceanspaces.com/pocket/P-A/P-A_056_EN_SM.webp,
Bidoof,Colorless,70,Pokémon,Basic,,"[{'name': 'Headbutt', 'damage': '30', 'energy': ['Normal', 'Normal']}]",,Fighting,2,Kouki Saitou,"With nerves of steel, nothing can perturb it. It is more agile and active than it appears.",Promo-A,Promo--57,,Promo,pack,['Shining Revelry #64 ◊'],https://limitlesstcg.nyc3.cdn.digitaloceanspaces.com/pocket/P-A/P-A_057_EN_SM.webp,
Pachirisu,Lightning,70,Pokémon,Basic,,"[{'name': 'Plasma', 'damage': '10', 'energy': ['Electric'], 'description': 'Take a [L] Energy from your Energy Zone and attach it to 1 of your Benched [L] Pokémon.'}]",,Fighting,1,OOYAMA,It’s one of the kinds of Pokémon with electric cheek pouches. It shoots charges from its tail.,Promo-A,Promo--58,,,"['Shining Revelry #25 ◊◊', 'Shining Revelry #103 ☆']",https://limitlesstcg.nyc3.cdn.digitaloceanspaces.com/pocket/P-A/P-A_058_EN_SM.webp,
Riolu,Fighting,70,Pokémon,Basic,,"[{'name': 'Punch', 'damage': '40', 'energy': ['N/A', 'N/A']}]",,Psychic,1,Akira Komayama,They communicate with one another using their auras. They are able to run all through the night.,Promo-A,Promo--59,,,"['Shining Revelry #42 ◊', 'Shining Revelry #104 ☆']",https://limitlesstcg.nyc3.cdn.digitaloceanspaces.com/pocket/P-A/P-A_059_EN_SM.webp,
Exeggcute,Grass,50,Pokémon,Basic,,"[{'name': 'Growth Spurt', 'damage': '', 'energy': ['Normal'], 'description': 'Take a [G] Energy from your Energy Zone and attach it to this Pokémon.'}]",,Fire,1,0313,"Though it may look like it’s just a bunch of eggs, it’s a proper Pokémon. Exeggcute communicates with others of its kind via telepathy, apparently.",Promo-A,Promo--60,,Promo,pack,['Mythical Island #1 ◊'],https://limitlesstcg.nyc3.cdn.digitaloceanspaces.com/pocket/P-A/P-A_060_EN_SM.webp,
Froakie,Water,60,Pokémon,Basic,,"[{'name': 'Flop', 'damage': '10', 'energy': ['Normal']}]",,Lightning,1,Sanosuke Sakuma,It secretes flexible bubbles from its chest and back. The bubbles reduce the damage it would otherwise take when attacked.,Promo-A,Promo--61,,Promo,pack,"['Genetic Apex #87 ◊', 'Promo-A #61', 'Extradimensional Crisis #91 ☆']",https://limitlesstcg.nyc3.cdn.digitaloceanspaces.com/pocket/P-A/P-A_061_EN_SM.webp,
Farfetch'd,Colorless,60,Pokémon,Basic,,"[{'name': 'Leek Slap', 'damage': '40', 'energy': ['Normal']}]",,Lightning,1,Eri Yamaki,"The stalk this Pokémon carries in its wings serves as a sword to cut down opponents. In a dire situation, the stalk can also serve as food.",Promo-A,Promo--62,,Promo,pack,"['Genetic Apex #198 ◊', 'Promo-A #62', 'Eevee Grove #102 ☆']",https://limitlesstcg.nyc3.cdn.digitaloceanspaces.com/pocket/P-A/P-A_062_EN_SM.webp,
Rayquaza,Colorless,100,Pokémon,Basic,,"[{'name': 'Spiral Rush', 'damage': '70+', 'energy': ['Normal', 'Normal', 'Normal', 'Normal'], 'description': 'Flip a coin until you get tails. This attack does 30 more damage for each heads.'}]",,Lightning,1,Yoshinobu Saito,It lives in the ozone layer far above the clouds and cannot be seen from the ground.,Promo-A,Promo--63,,Promo,pack,[],https://limitlesstcg.nyc3.cdn.digitaloceanspaces.com/pocket/P-A/P-A_063_EN_SM.webp,
Rayquaza ex,Colorless,140,Pokémon,Basic,,"[{'name': 'Draco Meteor', 'damage': '', 'energy': ['Normal', 'Normal', 'Normal', 'Normal'], 'description': ""1 of your opponent's Pokémon is chosen at random 4 times. For each time a Pokémon was chosen, do 40 damage to it.""}]",,Lightning,2,PLANETA CG Works,,Promo-A,Promo--64,,Promo,pack,['Promo-A #64'],https://limitlesstcg.nyc3.cdn.digitaloceanspaces.com/pocket/P-A/P-A_064_EN_SM.webp,
Rayquaza ex,Colorless,140,Pokémon,Basic,,"[{'name': 'Draco Meteor', 'damage': '', 'energy': ['Normal', 'Normal', 'Normal', 'Normal'], 'description': ""1 of your opponent's Pokémon is chosen at random 4 times. For each time a Pokémon was chosen, do 40 damage to it.""}]",,Lightning,2,PLANETA CG Works,,Promo-A,Promo--65,,,['Promo-A #64'],https://limitlesstcg.nyc3.cdn.digitaloceanspaces.com/pocket/P-A/P-A_065_EN_SM.webp,
Mimikyu,Psychic,70,Pokémon,Basic,,"[{'name': 'Shadow Hit', 'damage': '60', 'energy': ['Psychic', 'Normal'], 'description': 'This attack also does 20 damage to 1 of your Pokémon.'}]",,Darkness,1,Amelicart,There was a scientist who peeked under Mimikyu’s old rag in the name of research. The scientist died of a mysterious disease.,Promo-A,Promo--66,,,['Celestial Guardians #83 ◊'],https://limitlesstcg.nyc3.cdn.digitaloceanspaces.com/pocket/P-A/P-A_066_EN_SM.webp,
Cosmog,Psychic,60,Pokémon,Basic,,"[{'name': 'Teleport', 'damage': '', 'energy': ['Normal'], 'description': 'Switch this Pokémon with 1 of your Benched Pokémon.'}]",,Darkness,1,Mizue,"Even though its helpless, gaseous body can be blown away by the slightest breeze, it doesn’t seem to care.",Promo-A,Promo--67,,,"['Celestial Guardians #85 ◊', 'Celestial Guardians #171 ☆']",https://limitlesstcg.nyc3.cdn.digitaloceanspaces.com/pocket/P-A/P-A_067_EN_SM.webp,
Lycanroc,Fighting,100,Pokémon,Stage 1,Rockruff,"[{'name': 'Crunch', 'damage': '80', 'energy': ['N/A', 'N/A', 'Normal'], 'description': ""Flip a coin. If heads, discard a random Energy from your opponent's Active Pokémon.""}]",,Grass,1,Ryuta Fuse,Lycanroc attacks its prey with its sharp claws and fangs. It loyally obeys the instructions of a Trainer it trusts.,Promo-A,Promo--68,,,['Celestial Guardians #100 ◊◊◊'],https://limitlesstcg.nyc3.cdn.digitaloceanspaces.com/pocket/P-A/P-A_068_EN_SM.webp,
Alolan Exeggutor,Grass,150,Pokémon,Stage 1,Exeggcute,"[{'name': 'Tropical Hammer', 'damage': '150', 'energy': ['Grass', 'Normal', 'Normal'], 'description': 'Flip a coin. If tails, this attack does nothing.'}]",,Fire,4,Satoshi Shirai,Blazing sunlight has brought out the true form and powers of this Pokémon.,Promo-A,Promo--69,,Promo,pack,"['Celestial Guardians #2 ◊◊◊', 'Celestial Guardians #156 ☆']",https://limitlesstcg.nyc3.cdn.digitaloceanspaces.com/pocket/P-A/P-A_069_EN_SM.webp,
Alolan Ninetales,Water,110,Pokémon,Stage 1,Alolan Vulpix,"[{'name': 'Blizzard', 'damage': '60', 'energy': ['Water', 'Water', 'Water'], 'description': ""This attack also does 20 damage to each of your opponent's Benched Pokémon.""}]",,Metal,1,tono,"A deity resides in the snowy mountains where this Pokémon lives. In ancient times, it was worshiped as that deity’s incarnation.",Promo-A,Promo--70,,Promo,pack,['Celestial Guardians #41 ◊◊◊'],https://limitlesstcg.nyc3.cdn.digitaloceanspaces.com/pocket/P-A/P-A_070_EN_SM.webp,
Crabrawler,Fighting,70,Pokémon,Basic,,"[{'name': 'Punch', 'damage': '20', 'energy': ['Normal']}]",,Psychic,2,Miki Tanaka,"This Pokémon punches trees and eats the berries that drop down, training itself and getting food at the same time.",Promo-A,Promo--71,,Promo,pack,['Celestial Guardians #97 ◊'],https://limitlesstcg.nyc3.cdn.digitaloceanspaces.com/pocket/P-A/P-A_071_EN_SM.webp,
Alolan Grimer,Darkness,70,Pokémon,Basic,,"[{'name': 'Poison Gas', 'damage': '', 'energy': ['Dark'], 'description': ""Your opponent's Active Pokémon is now Poisoned.""}]",,Fighting,2,Naoki Saito,There are a hundred or so of them living in Alola’s waste-disposal site. They’re all hard workers who eat a lot of trash.,Promo-A,Promo--72,,Promo,pack,[],https://limitlesstcg.nyc3.cdn.digitaloceanspaces.com/pocket/P-A/P-A_072_EN_SM.webp,
Toucannon,Colorless,140,Pokémon,Stage 2,Trumbeak,"[{'name': 'Beak Blast', 'damage': '80', 'energy': ['Normal', 'Normal'], 'description': ""Flip a coin. If heads, your opponent's Active Pokémon is now Burned.""}]",,Lightning,2,Sekio,They smack beaks with others of their kind to communicate. The strength and number of hits tell each other how they feel.,Promo-A,Promo--73,,Promo,pack,[],https://limitlesstcg.nyc3.cdn.digitaloceanspaces.com/pocket/P-A/P-A_073_EN_SM.webp,
Zeraora,Lightning,90,Pokémon,Basic,,"[{'name': 'Lightning Claw', 'damage': '50', 'energy': ['Electric', 'Electric']}]",,Fighting,1,GIDORA,"It electrifies its claws and tears its opponents apart with them. Even if they dodge its attack, they’ll be electrocuted by the flying sparks.",Promo-A,Promo--74,,,['Extradimensional Crisis #21 ◊◊◊'],https://limitlesstcg.nyc3.cdn.digitaloceanspaces.com/pocket/P-A/P-A_074_EN_SM.webp,"Thunderclap Flash: At the end of your first turn, take a [L] Energy from your Energy Zone and attach it to this Pokémon."
Kartana,Grass,60,Pokémon,Basic,,"[{'name': 'Thrash Metal', 'damage': '40', 'energy': ['Grass']}]",,Fire,1,Hasuno,"This Ultra Beast’s body, which is as thin as paper, is like a sharpened sword.",Promo-A,Promo--75,,Promo,pack,['Extradimensional Crisis #8 ◊'],https://limitlesstcg.nyc3.cdn.digitaloceanspaces.com/pocket/P-A/P-A_075_EN_SM.webp,
Blacephalon,Fire,100,Pokémon,Basic,,"[{'name': 'Beat Punk', 'damage': '130', 'energy': ['Fire', 'Fire', 'Normal'], 'description': 'This Pokémon also does 70 damage to itself.'}]",,Water,2,Hasuno,"It slithers toward people. Then, without warning, it triggers the explosion of its own head. It’s apparently one kind of Ultra Beast.",Promo-A,Promo--76,,Promo,pack,"['Extradimensional Crisis #9 ◊◊', 'Extradimensional Crisis #72 ☆']",https://limitlesstcg.nyc3.cdn.digitaloceanspaces.com/pocket/P-A/P-A_076_EN_SM.webp,
Xurkitree,Lightning,100,Pokémon,Basic,,"[{'name': 'Electronica', 'damage': '60', 'energy': ['Electric', 'Normal', 'Normal'], 'description': ""Your opponent's Active Pokémon is now Confused.""}]",,Fighting,2,Shin Nagasawa,"Although it’s alien to this world and a danger here, it’s apparently a common organism in the world where it normally lives.",Promo-A,Promo--77,,Promo,pack,['Extradimensional Crisis #20 ◊◊'],https://limitlesstcg.nyc3.cdn.digitaloceanspaces.com/pocket/P-A/P-A_077_EN_SM.webp,
Dawn Wings Necrozma,Psychic,110,Pokémon,Basic,,"[{'name': 'Psychobilly', 'damage': '100', 'energy': ['Psychic', 'Normal', 'Normal'], 'description': 'This Pokémon also does 30 damage to itself.'}]",,Darkness,2,nagimiso,"Lunala no longer has a will of its own. Now under the control of Necrozma, it continuously expels all of its energy.",Promo-A,Promo--78,◊◊◊,Promo pack,['Promo-A #78 ◊◊◊'],https://limitlesstcg.nyc3.cdn.digitaloceanspaces.com/pocket/P-A/P-A_078_EN_SM.webp,
Dusk Mane Necrozma,Metal,110,Pokémon,Basic,,"[{'name': 'Black Metal', 'damage': '100', 'energy': ['Steel', 'Normal', 'Normal'], 'description': 'Discard a [M] Energy from this Pokémon.'}]",,Fire,2,nagimiso,This is its form while it is devouring the light of Solgaleo. It pounces on foes and then slashes them with the claws on its four limbs and back.,Promo-A,Promo--79,◊◊◊,Promo pack,['Promo-A #79 ◊◊◊'],https://limitlesstcg.nyc3.cdn.digitaloceanspaces.com/pocket/P-A/P-A_079_EN_SM.webp,
Stakataka,Metal,110,Pokémon,Basic,,"[{'name': 'Brass Rock', 'damage': '40', 'energy': ['Steel', 'Normal'], 'description': ""During your opponent's next turn, this Pokémon takes −20 damage from attacks.""}]",,Fire,3,Shin Nagasawa,It appeared from an Ultra Wormhole. Each one appears to be made up of many life-forms stacked one on top of each other.,Promo-A,Promo--80,,Promo,pack,['Extradimensional Crisis #53 ◊◊'],https://limitlesstcg.nyc3.cdn.digitaloceanspaces.com/pocket/P-A/P-A_080_EN_SM.webp,
Ultra Necrozma ex,Dragon,150,Pokémon,Basic,,"[{'name': 'Photon Claw', 'damage': '60', 'energy': ['Normal', 'Normal', 'Normal']}, {'name': 'Shoegaze', 'damage': '120', 'energy': ['Psychic', 'Psychic', 'Steel', 'Steel'], 'description': ''}]","ex rule: When your Pokémon ex is Knocked Out, your opponent gets 2 points.",none,2,PLANETA Tsuji,,Promo-A,Promo--81,◊◊◊◊,Promo pack,['Promo-A #81 ◊◊◊◊'],https://limitlesstcg.nyc3.cdn.digitaloceanspaces.com/pocket/P-A/P-A_081_EN_SM.webp,
Poipole,Darkness,60,Pokémon,Basic,,"[{'name': '2-Step', 'damage': '20x', 'energy': ['Dark'], 'description': 'Flip 2 coins. This attack does 20 damage for each heads.'}]",,Fighting,1,Megumi Mizutani,This Ultra Beast is well enough liked to be chosen as a first partner in its own world.,Promo-A,Promo--82,,,['Extradimensional Crisis #44 ◊'],https://limitlesstcg.nyc3.cdn.digitaloceanspaces.com/pocket/P-A/P-A_082_EN_SM.webp,
Stufful,Colorless,70,Pokémon,Basic,,"[{'name': 'Ram', 'damage': '40', 'energy': ['Normal', 'Normal']}]",,Fighting,2,Kanako Eo,"Its fluffy fur is a delight to pet, but carelessly reaching out to touch this Pokémon could result in painful retaliation.",Promo-A,Promo--83,,,['Extradimensional Crisis #57 ◊'],https://limitlesstcg.nyc3.cdn.digitaloceanspaces.com/pocket/P-A/P-A_083_EN_SM.webp,
Tapu Koko ex,Lightning,130,Pokémon,Basic,,"[{'name': 'Plasma Hurricane', 'damage': '20', 'energy': ['Electric'], 'attack description': 'Take a [L] Energy from your Energy Zone and attach it to this Pokémon.'}, {'name': 'Mach Bolt', 'damage': '90', 'energy': ['Electric', 'Electric', 'Normal'], 'description': 'Take a [L] Energy from your Energy Zone and attach it to this Pokémon.'}]","ex rule: When your Pokémon ex is Knocked Out, your opponent gets 2 points.",Fighting,1,PLANETA Tsuji,,Promo-A,Promo--84,,,"['Extradimensional Crisis #19 ◊◊◊◊', 'Extradimensional Crisis #77 ☆☆', 'Extradimensional Crisis #84 ☆☆']",https://limitlesstcg.nyc3.cdn.digitaloceanspaces.com/pocket/P-A/P-A_084_EN_SM.webp,
Vanillite,Water,60,Pokémon,Basic,,"[{'name': 'Sweets Relay', 'damage': '10+', 'energy': ['Water'], 'description': 'If 1 of your Pokémon used Sweets Relay during your last turn, this attack does 20 more damage.'}]",,Metal,1,OOYAMA,"Unable to survive in hot areas, it makes itself comfortable by breathing out air cold enough to cause snow. It burrows into the snow to sleep.",Promo-A,Promo--85,,Promo,pack,['Eevee Grove #18 ◊'],https://limitlesstcg.nyc3.cdn.digitaloceanspaces.com/pocket/P-A/P-A_085_EN_SM.webp,
Jolteon,Lightning,90,Pokémon,Stage 1,Eevee,"[{'name': 'Beginning Bolt', 'damage': '40+', 'energy': ['Electric'], 'description': 'If this Pokémon evolved during this turn, this attack does 20 more damage.'}]",,Fighting,1,Mizue,It concentrates the weak electric charges emitted by its cells and launches wicked lightning bolts.,Promo-A,Promo--86,,Promo,pack,"['Eevee Grove #25 ◊◊◊', 'Eevee Grove #74 ☆']",https://limitlesstcg.nyc3.cdn.digitaloceanspaces.com/pocket/P-A/P-A_086_EN_SM.webp,
Alcremie,Psychic,80,Pokémon,Stage 1,Milcery,"[{'name': 'Sweets Overload', 'damage': '40x', 'energy': ['Normal'], 'description': 'This attack does 40 damage for each time your Pokémon used Sweets Relay during this game.'}]",,Metal,1,Tika Matsuno,"When it trusts a Trainer, it will treat them to berries it’s decorated with cream.",Promo-A,Promo--87,,Promo,pack,['Eevee Grove #37 ◊◊'],https://limitlesstcg.nyc3.cdn.digitaloceanspaces.com/pocket/P-A/P-A_087_EN_SM.webp,
Dragonair,Dragon,100,Pokémon,Stage 1,Dratini,"[{'name': 'Shed Skin', 'damage': '', 'energy': ['Normal'], 'description': 'Heal 30 damage from this Pokémon.'}]",,none,2,Shinya Komatsu,"They say that if it emits an aura from its whole body, the weather will begin to change instantly.",Promo-A,Promo--88,,Promo,pack,[],https://limitlesstcg.nyc3.cdn.digitaloceanspaces.com/pocket/P-A/P-A_088_EN_SM.webp,
Audino,Colorless,100,Pokémon,Basic,,"[{'name': 'Drain Slap', 'damage': '40', 'energy': ['Normal', 'Normal'], 'description': 'Heal 10 damage from this Pokémon.'}]",,Fighting,2,MAHOU,"This Pokémon has a kind heart. By touching with its feelers, Audino can gauge other creatures’ feelings and physical conditions.",Promo-A,Promo--89,,Promo,pack,[],https://limitlesstcg.nyc3.cdn.digitaloceanspaces.com/pocket/P-A/P-A_089_EN_SM.webp,
Togedemaru,Metal,80,Pokémon,Basic,,"[{'name': 'Bristling Spikes', 'damage': '30', 'energy': ['Steel', 'Steel'], 'description': ""During your opponent's next turn, if this Pokémon is damaged by an attack, do 30 damage to the Attacking Pokémon.""}]",,Fire,1,sowsow,"With the long hairs on its back, this Pokémon takes in electricity from other electric Pokémon. It stores what it absorbs in an electric sac.",Promo-A,Promo--90,,,['Eevee Grove #48 ◊'],https://limitlesstcg.nyc3.cdn.digitaloceanspaces.com/pocket/P-A/P-A_090_EN_SM.webp,
Greedent,Colorless,120,Pokémon,Stage 1,Skwovet,"[{'name': 'Enhanced Fang', 'damage': '50+', 'energy': ['Normal', 'Normal', 'Normal'], 'description': 'If this Pokémon has a Pokémon Tool attached, this attack does 50 more damage.'}]",,Fighting,2,HYOGONOSUKE,"This Pokémon makes off with heaps of fallen berries by wrapping them in its tail, which is roughly twice the length of its body.",Promo-A,Promo--91,,,['Eevee Grove #65 ◊◊'],https://limitlesstcg.nyc3.cdn.digitaloceanspaces.com/pocket/P-A/P-A_091_EN_SM.webp,
Eevee,Colorless,60,Pokémon,Basic,,"[{'name': 'Tackle', 'damage': '20', 'energy': ['Normal']}]",,Fighting,1,nisimono,Its ability to evolve into many forms allows it to adapt smoothly and perfectly to any environment.,Promo-A,Promo--92,,,"['Genetic Apex #206 ◊', 'Genetic Apex #207 ◊', 'Genetic Apex #208 ◊', 'Genetic Apex #248 ☆']",https://limitlesstcg.nyc3.cdn.digitaloceanspaces.com/pocket/P-A/P-A_092_EN_SM.webp,
